﻿<?xml version="1.0" encoding="UTF-8"?><SLA Version="1.0"><TxList><Tx>UC05_T02_go_to_orders</Tx><Tx>Product_selection</Tx><Tx>UC03_T03_product_selection</Tx><Tx>vuser_end_Transaction</Tx><Tx>Go_to_orders</Tx><Tx>UC04_T04_add_to_cart</Tx><Tx>Add_to_cart</Tx><Tx>Remove_products</Tx><Tx>UC05_T03_remove_products</Tx><Tx>UC03_T04_product_addition</Tx><Tx>UC02_T02_category_selection</Tx><Tx>Product_addition</Tx><Tx>vuser_init_Transaction</Tx><Tx>UC05_T04_logout</Tx><Tx>Product_purchase</Tx><Tx>UC03_T07_Logout</Tx><Tx>UC01_T02_logout</Tx><Tx>UC02_T04_Logout</Tx><Tx>UC04_T05_logout</Tx><Tx>UC03_Buy_products</Tx><Tx>Checkout</Tx><Tx>UC04_T02_category_selection</Tx><Tx>UC03_T06_product_purchase</Tx><Tx>UC03_T02_category_selection</Tx><Tx>Logout</Tx><Tx>Category_selection</Tx><Tx>UC05_T01_Login</Tx><Tx>UC05_Remove</Tx><Tx>UC03_T01_Login</Tx><Tx>UC01_Login</Tx><Tx>UC01_T01_login</Tx><Tx>UC02_T01_Login</Tx><Tx>UC02_View_products</Tx><Tx>UC04_Add_to_cart</Tx><Tx>UC04_T01_login</Tx><Tx>UC03_T05_Checkout</Tx><Tx>UC04_T03_product_selection</Tx><Tx>UC02_T03_product_selection</Tx><Tx>Action_Transaction</Tx><Tx>Login</Tx></TxList><SLARules><TrackingPeriodType>Default</TrackingPeriodType><TrackingPeriodValue></TrackingPeriodValue><TrackingPeriodTimeScale></TrackingPeriodTimeScale></SLARules></SLA>